INSERT INTO `movie_project`.`movies` (`id`, `aired_year`, `description`, `duration`, `img_movie`, `name`, `quality`, `scoreimdb`, `status`, `total_ep`, `type`) VALUES ('1', '2023', 'Transformers: Quái Thú Trỗi Dậy dựa trên sự kiện Beast Wars trong loạt phim hoạt hình \"Transformers\", nơi mà các robot có khả năng biến thành động vật khổng lồ cùng chiến đấu chống lại một mối đe dọa tiềm tàng.', '127', '../assets/client/img/movie/transformers-quai-thu-troi-day.jpg', 'TRANSFORMERS: QUÁI THÚ TRỖI DẬY', 'HD_VIET_SUB', '6.4', 'COMPLETE', '1', 'MOVIE');
INSERT INTO `movie_project`.`movies` (`id`, `aired_year`, `description`, `duration`, `img_movie`, `name`, `quality`, `scoreimdb`, `status`, `total_ep`, `type`) VALUES ('2', '2023', 'Vệ Binh Dải Ngân Hà 3 kể về Peter Quill, vẫn quay cuồng vì mất Gamora, phải tập hợp đội của mình xung quanh anh ta để bảo vệ vũ trụ cùng với việc bảo vệ một người trong số họ. Nếu bất kì một nhiệm vụ nào không hoàn thành xuất sắc, nó hoàn toàn có thể dẫn đến sự kết thúc của những Vệ Binh Giải Ngân Hà.', '149', '../assets/client/img/movie/ve-binh-dai-ngan-ha-3.jpg', 'VỆ BINH DẢI NGÂN HÀ 3', 'HD_VIET_SUB', '8.1', 'COMPLETE', '1', 'MOVIE');
INSERT INTO `movie_project`.`movies` (`id`, `aired_year`, `description`, `duration`, `img_movie`, `name`, `quality`, `scoreimdb`, `status`, `total_ep`, `type`) VALUES ('3', '2023', 'Người Nhện: Du Hành Vũ Trụ kể về Sau khi gặp lại Gwen Stacy, chàng Spider-Man thân thiện đến từ Brooklyn phải du hành qua đa vũ trụ và gặp một nhóm Người Nhện chịu trách nhiệm bảo vệ các vũ trụ song song. Nhưng khi nhóm siêu anh hùng xung đột về cách xử lý một mối đe dọa mới, Miles buộc phải đọ sức với các Người Nhện khác và phải xác định lại ý nghĩa của việc trở thành một người hùng để có thể cứu những người cậu yêu thương nhất.', '140', '../assets/client/img/movie/nguoi-nhen-du-hanh-vu-tru.jpg', 'NGƯỜI NHỆN: DU HÀNH VŨ TRỤ', 'HD_VIET_SUB', '8.9', 'COMPLETE', '1', 'MOVIE');
INSERT INTO `movie_project`.`movies` (`id`, `aired_year`, `description`, `duration`, `img_movie`, `name`, `quality`, `scoreimdb`, `status`, `total_ep`, `type`) VALUES ('4', '2023', 'Khế Ước kể về trong nhiệm vụ cuối cùng ở Afghanistan, Trung sĩ John Kinley cùng đội với phiên dịch viên bản địa Ahmed. Khi đơn vị của họ bị phục kích, Kinley và Ahmed là 2 người sống sót duy nhất. Bị kẻ địch truy đuổi, Ahmed liều mạng đưa Kinley đang bị thương băng qua nhiều dặm đường địa hình khắc nghiệt đến nơi an toàn. Trở về Mỹ, Kinley biết rằng Ahmed và gia đình không dc cấp giấy thông hành tới Mỹ như đã hứa. Quyết tâm bảo vệ bạn mình và đền ơn cứu mạng, Kinley trở lại chiến trường để giúp Ahmed và gia đình trước khi lực lượng phiến quân phát hiện ra họ.', '123', '../assets/client/img/movie/khe-uoc.jpg', 'KHẾ ƯỚC', 'HD_VIET_SUB', '7.5', 'COMPLETE', '1', 'MOVIE');
INSERT INTO `movie_project`.`movies` (`id`, `aired_year`, `description`, `duration`, `img_movie`, `name`, `quality`, `scoreimdb`, `status`, `total_ep`, `type`) VALUES ('5', '2023', 'The Flash bắt đầu khi Barry Allen (Ezra Miller thủ vai) sử dụng siêu năng lực của mình để du hành thời gian nhằm thay đổi những sự kiện trong quá khứ. Nhưng khi nỗ lực cứu lấy gia đình mình vô tình thay đổi tương lai, Barry bị kẹt lại trong một thực tại, nơi tướng Zod tái xuất và đe dọa hủy diệt tất cả, nhưng không có bất cứ siêu anh hùng nào đứng ra giải cứu… Trừ khi Barry có thể thuyết phục một Batman rất khác và giải cứu một cư dân Kryptonian đang bị cầm tù… dẫu có thể đó không phải người mà anh thực sự tìm kiếm. Để giải cứu thế giới hiện tại cũng như trở lại tương lai mình từng biết, niềm hy vọng duy nhất của Barry là phải chạy đua vì cuộc đời mình. Vậy nhưng, sự hy sinh tuyệt đối đó có là đủ để đưa thế giới về lại như ban đầu?', '144', '../assets/client/img/movie/flash.jpg', 'FLASH', 'HD', '7.1', 'COMPLETE', '1', 'MOVIE');
INSERT INTO `movie_project`.`movies` (`id`, `aired_year`, `description`, `duration`, `img_movie`, `name`, `quality`, `scoreimdb`, `status`, `total_ep`, `type`) VALUES ('6', '2022', 'Khóa Chặt Cửa Nào Suzume kể về câu chuyện khi Suzume vô tình gặp một chàng trai trẻ đến thị trấn nơi cô sinh sống với mục đích tìm kiếm \"một cánh cửa\". Để bảo vệ Nhật Bản khỏi thảm họa, những cánh cửa rải rác khắp nơi phải được đóng lại, và bất ngờ thay Suzume cũng có khả năng đóng cửa đặc biệt này. Từ đó cả hai cùng nhau thực hiện sự mệnh \"khóa chặt cửa\"!', '122', '../assets/client/img/movie/khoa-chat-cua-nao-suzume.jpg', 'KHÓA CHẶT CỬA NÀO SUZUME', 'HD_VIET_SUB', '7.7', 'COMPLETE', '1', 'MOVIE');
INSERT INTO `movie_project`.`movies` (`id`, `aired_year`, `description`, `duration`, `img_movie`, `name`, `quality`, `scoreimdb`, `status`, `total_ep`, `type`) VALUES ('7', '2022', 'Sword Art Online the Movie: Progressive - Scherzo of Deep Night kể về hai tháng sau khi trò chơi chết chóc bắt đầu, Kirito và Asuna liên tiếp gặt hái những thành công mới. Trong một lần săn kho báu, họ phải đối mặt với con quái vật mà Asuna kinh hãi nhất.', '101', '../assets/client/img/movie/sword-art-online-the-movie-progressive-scherzo-of-deep-night.jpg', 'SWORD ART ONLINE THE MOVIE: PROGRESSIVE - SCHERZO OF DEEP NIGHT', 'HD_VIET_SUB', '7.7', 'COMPLETE', '1', 'MOVIE');
INSERT INTO `movie_project`.`movies` (`id`, `aired_year`, `description`, `duration`, `img_movie`, `name`, `quality`, `scoreimdb`, `status`, `total_ep`, `type`) VALUES ('8', '2023', 'Quá Nhanh Quá Nguy Hiểm 10 kể về Dom Toretto và gia đình của anh ấy bị trở thành mục tiêu của người con trai đầy thù hận của ông trùm ma túy Hernan Reyes.', '141', '../assets/client/img/movie/qua-nhanh-qua-nguy-hiem-10.jpg', 'QUÁ NHANH QUÁ NGUY HIỂM 10', 'HD', '5.9', 'COMPLETE', '1', 'MOVIE');
INSERT INTO `movie_project`.`movies` (`id`, `aired_year`, `description`, `duration`, `img_movie`, `name`, `quality`, `scoreimdb`, `status`, `total_ep`, `type`) VALUES ('9', '2023', 'Nàng Tiên Cá kể về câu chuyện được yêu thích về Ariel - một nàng tiên cá trẻ xinh đẹp và mạnh mẽ với khát khao phiêu lưu. Ariel là con gái út của Vua Triton và cũng là người ngang ngạnh nhất, nàng khao khát khám phá về thế giới bên kia đại dương. Trong một lần ghé thăm đất liền, nàng đã phải lòng Hoàng tử Eric bảnh bao. Trong khi tiên cá bị cấm tiếp xúc với con người, Ariel đã làm theo trái tim mình. Nàng đã thỏa thuận với phù thủy biển Ursula hung ác để cơ hội sống cuộc sống trên đất liền. Nhưng cuối cùng việc này lại đe dọa tới mạng sống của Ariel và vương miện của cha nàng.', '135', '../assets/client/img/movie/nang-tien-ca.jpg', 'NÀNG TIÊN CÁ', 'CAM', '7.2', 'COMPLETE', '1', 'MOVIE');
INSERT INTO `movie_project`.`movies` (`id`, `aired_year`, `description`, `duration`, `img_movie`, `name`, `quality`, `scoreimdb`, `status`, `total_ep`, `type`) VALUES ('10', '2023', 'Ngục Tối & Rồng: Danh Dự Của Kẻ Trộm kể về một tên trộm quyến rũ và một nhóm những kẻ bịp bợm nghiệp dư thực hiện vụ trộm sử thi nhằm lấy lại một di vật đã mất, nhưng mọi thứ trở nên nguy hiểm khó lường hơn bao giờ hết khi họ đã chạm trán nhầm người. Ngục Tối Và Rồng: Danh Dự Của Kẻ Trộm mang thế giới huyền ảo của trò chơi nhập vai huyền thoại lên màn ảnh rộng bằng một cuộc phiêu lưu tràn ngập các màn hành động đã mắt cùng màu sắc hài hước, vui nhộn.', '134', '../assets/client/img/movie/nguc-toi-rong-danh-du-cua-ke-trom.jpg', 'NGỤC TỐI & RỒNG: DANH DỰ CỦA KẺ TRỘM\n', 'HD_VIET_SUB', '7.3', 'COMPLETE', '1', 'MOVIE');
INSERT INTO `movie_project`.`movies` (`id`, `aired_year`, `description`, `duration`, `img_movie`, `name`, `quality`, `scoreimdb`, `status`, `total_ep`, `type`) VALUES ('11', '2023', 'Sát Thủ John Wick 4 là câu chuyện với cái giá phải trả ngày càng tăng, John Wick tham gia cuộc chiến chống lại High Table trên toàn cầu khi tìm kiếm những người chơi quyền lực nhất trong thế giới ngầm, từ New York qua Paris, Osaka đến cả Berlin.', '160', '../assets/client/img/movie/sat-thu-john-wick-4-11119.jpg', 'SÁT THỦ JOHN WICK 4', 'HD_VIET_SUB', '7.8', 'COMPLETE', '1', 'MOVIE');
INSERT INTO `movie_project`.`movies` (`id`, `aired_year`, `description`, `duration`, `img_movie`, `name`, `quality`, `scoreimdb`, `status`, `total_ep`, `type`) VALUES ('12', '2023', 'Trần Duyên kể về câu chuyện xoay quanh Kỷ Nhược Trần, là một tiểu tử bồi bàn của một khách sạn bí ẩn có cái tên Long Môn. Nhờ có tư chất thông minh, không hiểu vì cố ý hay vô tình mà hắn bị cả tu chân giới nhận nhầm là Trích Tiên (Tiên nhân xuống trần gian), là đối tượng mà cả tu chân giới thèm thuồng tranh đoạt. Chính nhờ cơ duyên này, hắn mơ hồ bước vào con đường đại đạo, từng bước vấn đỉnh thế giới tu chân kỳ ảo.', '45', '../assets/client/img/movie/tran-duyen.jpg', 'TRẦN DUYÊN', 'HD', '0', 'SHOWING', '36', 'SERIES');
INSERT INTO `movie_project`.`movies` (`id`, `aired_year`, `description`, `duration`, `img_movie`, `name`, `quality`, `scoreimdb`, `status`, `total_ep`, `type`) VALUES ('13', '2021', 'Lãng Khách Kenshin: Khởi Đầu kể về trước khi là người bảo vệ, Kenshin là tay sát thủ đáng sợ mang tên Battosai. Nhưng sau khi gặp cô gái hiền lành Yukishiro Tomoe, câu chuyện của anh bắt đầu thay đổi.', '138', '../assets/client/img/movie/lang-khach-kenshin-khoi-dau-9225.jpg', 'LÃNG KHÁCH KENSHIN: KHỞI ĐẦU', 'HD_VIET_SUB', '7.2', 'COMPLETE', '1', 'MOVIE');
INSERT INTO `movie_project`.`movies` (`id`, `aired_year`, `description`, `duration`, `img_movie`, `name`, `quality`, `scoreimdb`, `status`, `total_ep`, `type`) VALUES ('14', '2021', 'Lãng Khách Kenshin: Hồi Kết kể về Kenshin và các đồng minh đối mặt với kẻ thù mạnh nhất từ trước đến nay: kẻ từng là em vợ anh, Enishi Yukishiro, và đám tay sai quyết trả thù của hắn.', '139', '../assets/client/img/movie/lang-khach-kenshin-hoi-ket-9077.jpg', 'LÃNG KHÁCH KENSHIN: HỒI KẾT', 'HD_VIET_SUB', '7.4', 'COMPLETE', '1', 'MOVIE');
INSERT INTO `movie_project`.`movies` (`id`, `aired_year`, `description`, `duration`, `img_movie`, `name`, `quality`, `scoreimdb`, `status`, `total_ep`, `type`) VALUES ('15', '2021', 'Kịch Trường của Takemichi kể về một kẻ thất bại ở hiện tại du hành ngược thời gian đến những năm trung học của mình và cứu lấy tình yêu đời mình khỏi sự diệt vong trong tương lai. Tại đây anh buộc phải trở thành thủ lĩnh của một băng nhóm học đường đáng sợ.', '120', '../assets/client/img/movie/kich-truong-cua-takemichi-9813.jpg', 'KỊCH TRƯỜNG CỦA TAKEMICHI', 'HD', '7.9', 'COMPLETE', '1', 'MOVIE');
INSERT INTO `movie_project`.`movies` (`id`, `aired_year`, `description`, `duration`, `img_movie`, `name`, `quality`, `scoreimdb`, `status`, `total_ep`, `type`) VALUES ('17', '2023', 'Gửi Đến Bạn Hiền kể về Sawako có thái độ u ám, gặp khó khăn trong việc hòa nhập. Nhưng khi một người bạn hướng ngoại cùng lớp tiếp cận cô, mọi chuyện thay đổi theo hướng tươi sáng hơn.', '35', '../assets/client/img/movie/gui-den-ban-hien-11124.jpg', 'GỬI ĐẾN BẠN HIỀN', 'HD', '6.9', 'COMPLETE', '12', 'SERIES');
INSERT INTO `movie_project`.`ep_movies` (`id`, `name`, `url`, `movie_id`) VALUES ('1', 'Tập Full', '//haivan.xyz/player/?d=3eemPD9&v=p&mad=1&ref=https://motchill.info/xem-phim/transformers-quai-thu-troi-day-tap-full-11424_135449.html', '1');
INSERT INTO `movie_project`.`ep_movies` (`id`, `name`, `url`, `movie_id`) VALUES ('2', 'Tập Full', '//haivan.xyz/player/?d=7aaOrMe&v=p&mad=1&ref=https://motchill.info/xem-phim/ve-binh-dai-ngan-ha-3-tap-full-11328_134314.html', '2');
INSERT INTO `movie_project`.`ep_movies` (`id`, `name`, `url`, `movie_id`) VALUES ('3', 'Tập Full', '//haivan.xyz/player/?d=v99k8Po&v=p&mad=1&ref=https://motchill.info/xem-phim/nguoi-nhen-du-hanh-vu-tru-tap-full-11381_135084.html', '3');
INSERT INTO `movie_project`.`ep_movies` (`id`, `name`, `url`, `movie_id`) VALUES ('4', 'Tập Full', '//haivan.xyz/player/?d=1ooMla2&v=p&mad=1&ref=https://motchill.info/xem-phim/khe-uoc-tap-full-11256_133757.html', '4');
INSERT INTO `movie_project`.`ep_movies` (`id`, `name`, `url`, `movie_id`) VALUES ('5', 'Tập Full', '//haivan.xyz/player/?d=yyyQpXG&v=p&mad=1&ref=https://motchill.info/xem-phim/flash-tap-full-11447_135659.html', '5');
INSERT INTO `movie_project`.`ep_movies` (`id`, `name`, `url`, `movie_id`) VALUES ('6', 'Tập Full', '//haivan.xyz/player/?d=voo2RyQ&v=p&mad=1&ref=https://motchill.info/xem-phim/khoa-chat-cua-nao-suzume-tap-full-11411_135183.html', '6');
INSERT INTO `movie_project`.`ep_movies` (`id`, `name`, `url`, `movie_id`) VALUES ('7', 'Tập Full', '//haivan.xyz/player/?d=566GKer&v=p&mad=1&ref=https://motchill.info/xem-phim/sword-art-online-the-movie-progressive-scherzo-of-deep-night-tap-full-11396_135124.html', '7');
INSERT INTO `movie_project`.`ep_movies` (`id`, `name`, `url`, `movie_id`) VALUES ('8', 'Tập Full', '//haivan.xyz/player/?d=G11jd9r&v=p&mad=1&ref=https://motchill.info/xem-phim/qua-nhanh-qua-nguy-hiem-10-tap-full-11334_134436.html', '8');
INSERT INTO `movie_project`.`ep_movies` (`id`, `name`, `url`, `movie_id`) VALUES ('9', 'Tập Full', '//haivan.xyz/player/?d=djjLYX2&v=p&mad=1&ref=https://motchill.info/xem-phim/nang-tien-ca-tap-full-11325_134287.html', '9');
INSERT INTO `movie_project`.`ep_movies` (`id`, `name`, `url`, `movie_id`) VALUES ('10', 'Tập Full', '//haivan.xyz/player/?d=GllkzrV&v=p&mad=1&ref=https://motchill.info/xem-phim/nguc-toi-rong-danh-du-cua-ke-trom-tap-full-11260_133761.html', '10');
INSERT INTO `movie_project`.`ep_movies` (`id`, `name`, `url`, `movie_id`) VALUES ('11', 'Tập Full', '//haivan.xyz/player/?d=zEEoKN6&v=p&mad=1&ref=https://motchill.info/xem-phim/sat-thu-john-wick-4-tap-full-11119_132009.html', '11');
INSERT INTO `movie_project`.`ep_movies` (`id`, `name`, `url`, `movie_id`) VALUES ('13', 'Tập 1', '//haivan.xyz/player/?d=rbb0OWm&v=p&mad=1&ref=https://motchill.info/xem-phim/tran-duyen-tap-1-11409_135160.html', '12');
INSERT INTO `movie_project`.`ep_movies` (`id`, `name`, `url`, `movie_id`) VALUES ('14', 'Tập 2', '//haivan.xyz/player/?d=VyyYd4o&v=p&mad=1&ref=https://motchill.info/xem-phim/tran-duyen-tap-2-11409_135161.html', '12');
INSERT INTO `movie_project`.`ep_movies` (`id`, `name`, `url`, `movie_id`) VALUES ('15', 'Tập 3', '//haivan.xyz/player/?d=9oodEZn&v=p&mad=1&ref=https://motchill.info/xem-phim/tran-duyen-tap-3-11409_135162.html', '12');
INSERT INTO `movie_project`.`ep_movies` (`id`, `name`, `url`, `movie_id`) VALUES ('16', 'Tập 4', '//haivan.xyz/player/?d=w770AEr&v=p&mad=1&ref=https://motchill.info/xem-phim/tran-duyen-tap-4-11409_135163.html', '12');
INSERT INTO `movie_project`.`ep_movies` (`id`, `name`, `url`, `movie_id`) VALUES ('17', 'Tập 5', '//haivan.xyz/player/?d=orrDlQp&v=p&mad=1&ref=https://motchill.info/xem-phim/tran-duyen-tap-5-11409_135164.html', '12');
INSERT INTO `movie_project`.`ep_movies` (`id`, `name`, `url`, `movie_id`) VALUES ('18', 'Tập 6', '//haivan.xyz/player/?d=4aadmEv&v=p&mad=1&ref=https://motchill.info/xem-phim/tran-duyen-tap-6-11409_135165.html', '12');
INSERT INTO `movie_project`.`ep_movies` (`id`, `name`, `url`, `movie_id`) VALUES ('19', 'Tập 7', '//haivan.xyz/player/?d=0KKN9ZE&v=p&mad=1&ref=https://motchill.info/xem-phim/tran-duyen-tap-7-11409_135166.html', '12');
INSERT INTO `movie_project`.`ep_movies` (`id`, `name`, `url`, `movie_id`) VALUES ('20', 'Tập 8', '//haivan.xyz/player/?d=nXX9lp3&v=p&mad=1&ref=https://motchill.info/xem-phim/tran-duyen-tap-8-11409_135167.html', '12');
INSERT INTO `movie_project`.`ep_movies` (`id`, `name`, `url`, `movie_id`) VALUES ('21', 'Tập 9', '//haivan.xyz/player/?d=a33GzpD&v=p&mad=1&ref=https://motchill.info/xem-phim/tran-duyen-tap-9-11409_135168.html', '12');
INSERT INTO `movie_project`.`ep_movies` (`id`, `name`, `url`, `movie_id`) VALUES ('22', 'Tập 10', '//haivan.xyz/player/?d=YGG1Xy3&v=p&mad=1&ref=https://motchill.info/xem-phim/tran-duyen-tap-10-11409_135169.html', '12');
INSERT INTO `movie_project`.`ep_movies` (`id`, `name`, `url`, `movie_id`) VALUES ('23', 'Tập 11', '//haivan.xyz/player/?d=266Yy0J&v=p&mad=1&ref=https://motchill.info/xem-phim/tran-duyen-tap-11-11409_135194.html', '12');
INSERT INTO `movie_project`.`ep_movies` (`id`, `name`, `url`, `movie_id`) VALUES ('24', 'Tập 12', '//haivan.xyz/player/?d=wWWjOLY&v=p&mad=1&ref=https://motchill.info/xem-phim/tran-duyen-tap-12-11409_135195.html', '12');
INSERT INTO `movie_project`.`ep_movies` (`id`, `name`, `url`, `movie_id`) VALUES ('25', 'Tập 13', '//haivan.xyz/player/?d=xXXzgeB&v=p&mad=1&ref=https://motchill.info/xem-phim/tran-duyen-tap-13-11409_135223.html', '12');
INSERT INTO `movie_project`.`ep_movies` (`id`, `name`, `url`, `movie_id`) VALUES ('26', 'Tập 14', '//haivan.xyz/player/?d=RwwoO23&v=p&mad=1&ref=https://motchill.info/xem-phim/tran-duyen-tap-14-11409_135224.html', '12');
INSERT INTO `movie_project`.`ep_movies` (`id`, `name`, `url`, `movie_id`) VALUES ('27', 'Tập 15', '//haivan.xyz/player/?d=7AARNQ8&v=p&mad=1&ref=https://motchill.info/xem-phim/tran-duyen-tap-15-11409_135255.html', '12');
INSERT INTO `movie_project`.`ep_movies` (`id`, `name`, `url`, `movie_id`) VALUES ('28', 'Tập 16', '//haivan.xyz/player/?d=KAAjOkx&v=p&mad=1&ref=https://motchill.info/xem-phim/tran-duyen-tap-16-11409_135256.html', '12');
INSERT INTO `movie_project`.`ep_movies` (`id`, `name`, `url`, `movie_id`) VALUES ('29', 'Tập 17', '//haivan.xyz/player/?d=877pW0G&v=p&mad=1&ref=https://motchill.info/xem-phim/tran-duyen-tap-17-11409_135390.html', '12');
INSERT INTO `movie_project`.`ep_movies` (`id`, `name`, `url`, `movie_id`) VALUES ('30', 'Tập 18', '//haivan.xyz/player/?d=zQQa7yk&v=p&mad=1&ref=https://motchill.info/xem-phim/tran-duyen-tap-18-11409_135391.html', '12');
INSERT INTO `movie_project`.`ep_movies` (`id`, `name`, `url`, `movie_id`) VALUES ('31', 'Tập 19', '//haivan.xyz/player/?d=xjjz38L&v=p&mad=1&ref=https://motchill.info/xem-phim/tran-duyen-tap-19-11409_135406.html', '12');
INSERT INTO `movie_project`.`ep_movies` (`id`, `name`, `url`, `movie_id`) VALUES ('32', 'Tập 20', '//haivan.xyz/player/?d=d66R24y&v=p&mad=1&ref=https://motchill.info/xem-phim/tran-duyen-tap-20-11409_135407.html', '12');
INSERT INTO `movie_project`.`ep_movies` (`id`, `name`, `url`, `movie_id`) VALUES ('33', 'Tập 21', '//haivan.xyz/player/?d=1bbp6Kw&v=p&mad=1&ref=https://motchill.info/xem-phim/tran-duyen-tap-21-11409_135424.html', '12');
INSERT INTO `movie_project`.`ep_movies` (`id`, `name`, `url`, `movie_id`) VALUES ('34', 'Tập 22', '//haivan.xyz/player/?d=VkkpOq4&v=p&mad=1&ref=https://motchill.info/xem-phim/tran-duyen-tap-22-11409_135425.html', '12');
INSERT INTO `movie_project`.`ep_movies` (`id`, `name`, `url`, `movie_id`) VALUES ('35', 'Tập 23', '//haivan.xyz/player/?d=yBB3zgk&v=p&mad=1&ref=https://motchill.info/xem-phim/tran-duyen-tap-23-11409_135433.html', '12');
INSERT INTO `movie_project`.`ep_movies` (`id`, `name`, `url`, `movie_id`) VALUES ('36', 'Tập 24', '//haivan.xyz/player/?d=Rmm8dBp&v=p&mad=1&ref=https://motchill.info/xem-phim/tran-duyen-tap-24-11409_135434.html', '12');
INSERT INTO `movie_project`.`ep_movies` (`id`, `name`, `url`, `movie_id`) VALUES ('37', 'Tập 25', '//haivan.xyz/player/?d=aqqmjpb&v=p&mad=1&ref=https://motchill.info/xem-phim/tran-duyen-tap-25-11409_135629.html', '12');
INSERT INTO `movie_project`.`ep_movies` (`id`, `name`, `url`, `movie_id`) VALUES ('38', 'Tập 26', '//haivan.xyz/player/?d=pllPXnD&v=p&mad=1&ref=https://motchill.info/xem-phim/tran-duyen-tap-26-11409_135630.html', '12');
INSERT INTO `movie_project`.`ep_movies` (`id`, `name`, `url`, `movie_id`) VALUES ('39', 'Tập 27', '//haivan.xyz/player/?d=7ZZ6Dqe&v=p&mad=1&ref=https://motchill.info/xem-phim/tran-duyen-tap-27-11409_135649.html', '12');
INSERT INTO `movie_project`.`ep_movies` (`id`, `name`, `url`, `movie_id`) VALUES ('40', 'Tập 28', '//haivan.xyz/player/?d=Ljj24eo&v=p&mad=1&ref=https://motchill.info/xem-phim/tran-duyen-tap-28-11409_135650.html', '12');
INSERT INTO `movie_project`.`ep_movies` (`id`, `name`, `url`, `movie_id`) VALUES ('41', 'Tập Full', '//haivan.xyz/player/?d=DzzBW9d&v=p&mad=1&ref=https://motchill.info/xem-phim/lang-khach-kenshin-khoi-dau-tap-full-9225_114827.html', '13');
INSERT INTO `movie_project`.`ep_movies` (`id`, `name`, `url`, `movie_id`) VALUES ('42', 'Tập Full', '//haivan.xyz/player/?d=vQQOYMy&v=p&mad=1&ref=https://motchill.info/xem-phim/lang-khach-kenshin-hoi-ket-tap-full-9077_113504.html', '14');
INSERT INTO `movie_project`.`ep_movies` (`id`, `name`, `url`, `movie_id`) VALUES ('43', 'Tập Full', '//haivan.xyz/player/?d=Qqqj9v0&v=p&mad=1&ref=https://motchill.info/xem-phim/kich-truong-cua-takemichi-tap-full-9813_119800.html', '15');
INSERT INTO `movie_project`.`person` (`id`, `name`) VALUES ('1', 'Steven Caple Jr');
INSERT INTO `movie_project`.`person` (`id`, `name`) VALUES ('2', 'Michelle Yeoh');
INSERT INTO `movie_project`.`person` (`id`, `name`) VALUES ('3', 'Dominique Fishback');
INSERT INTO `movie_project`.`person` (`id`, `name`) VALUES ('4', 'Ron Perlman');
INSERT INTO `movie_project`.`person` (`id`, `name`) VALUES ('5', 'James Gunn');
INSERT INTO `movie_project`.`person` (`id`, `name`) VALUES ('6', 'Chris Pratt');
INSERT INTO `movie_project`.`person` (`id`, `name`) VALUES ('7', 'Zoe Saldana');
INSERT INTO `movie_project`.`person` (`id`, `name`) VALUES ('8', 'Dave Bautista');
INSERT INTO `movie_project`.`person` (`id`, `name`) VALUES ('9', 'Guy Ritchie');
INSERT INTO `movie_project`.`person` (`id`, `name`) VALUES ('10', 'Jake Gyllenhaal');
INSERT INTO `movie_project`.`person` (`id`, `name`) VALUES ('11', 'Alexander Ludwig');
INSERT INTO `movie_project`.`person` (`id`, `name`) VALUES ('12', 'Antony Starr');
INSERT INTO `movie_project`.`person` (`id`, `name`) VALUES ('13', 'Joaquim Dos Santos');
INSERT INTO `movie_project`.`person` (`id`, `name`) VALUES ('14', 'Kemp Powers');
INSERT INTO `movie_project`.`person` (`id`, `name`) VALUES ('15', 'Justin K. Thompson');
INSERT INTO `movie_project`.`person` (`id`, `name`) VALUES ('16', 'Shameik Moore');
INSERT INTO `movie_project`.`person` (`id`, `name`) VALUES ('17', 'Hailee Steinfeld');
INSERT INTO `movie_project`.`person` (`id`, `name`) VALUES ('18', 'Brian Tyree Henry');
INSERT INTO `movie_project`.`person` (`id`, `name`) VALUES ('19', 'Oscar Isaac');
INSERT INTO `movie_project`.`person` (`id`, `name`) VALUES ('20', 'Jake Johnson');
INSERT INTO `movie_project`.`person` (`id`, `name`) VALUES ('21', 'Luna Lauren Velez');
INSERT INTO `movie_project`.`ekip` (`id`, `role`, `movie_id`, `person_id`) VALUES ('1', 'DIRECTOR', '2', '5');
INSERT INTO `movie_project`.`ekip` (`id`, `role`, `movie_id`, `person_id`) VALUES ('2', 'ACTOR', '2', '6');
INSERT INTO `movie_project`.`ekip` (`id`, `role`, `movie_id`, `person_id`) VALUES ('3', 'ACTOR', '2', '7');
INSERT INTO `movie_project`.`ekip` (`id`, `role`, `movie_id`, `person_id`) VALUES ('4', 'ACTOR', '2', '8');
INSERT INTO `movie_project`.`ekip` (`id`, `role`, `movie_id`, `person_id`) VALUES ('5', 'DIRECTOR', '1', '1');
INSERT INTO `movie_project`.`ekip` (`id`, `role`, `movie_id`, `person_id`) VALUES ('6', 'ACTOR', '1', '2');
INSERT INTO `movie_project`.`ekip` (`id`, `role`, `movie_id`, `person_id`) VALUES ('7', 'ACTOR', '1', '3');
INSERT INTO `movie_project`.`ekip` (`id`, `role`, `movie_id`, `person_id`) VALUES ('8', 'ACTOR', '1', '4');
INSERT INTO `movie_project`.`ekip` (`id`, `role`, `movie_id`, `person_id`) VALUES ('9', 'DIRECTOR', '3', '13');
INSERT INTO `movie_project`.`ekip` (`id`, `role`, `movie_id`, `person_id`) VALUES ('10', 'DIRECTOR', '3', '14');
INSERT INTO `movie_project`.`ekip` (`id`, `role`, `movie_id`, `person_id`) VALUES ('11', 'DIRECTOR', '3', '15');
INSERT INTO `movie_project`.`ekip` (`id`, `role`, `movie_id`, `person_id`) VALUES ('12', 'ACTOR', '3', '16');
INSERT INTO `movie_project`.`ekip` (`id`, `role`, `movie_id`, `person_id`) VALUES ('13', 'ACTOR', '3', '17');
INSERT INTO `movie_project`.`ekip` (`id`, `role`, `movie_id`, `person_id`) VALUES ('14', 'ACTOR', '3', '18');
INSERT INTO `movie_project`.`ekip` (`id`, `role`, `movie_id`, `person_id`) VALUES ('15', 'ACTOR', '3', '19');
INSERT INTO `movie_project`.`ekip` (`id`, `role`, `movie_id`, `person_id`) VALUES ('16', 'ACTOR', '3', '20');
INSERT INTO `movie_project`.`ekip` (`id`, `role`, `movie_id`, `person_id`) VALUES ('17', 'ACTOR', '3', '21');
INSERT INTO `movie_project`.`ekip` (`id`, `role`, `movie_id`, `person_id`) VALUES ('18', 'DIRECTOR', '4', '9');
INSERT INTO `movie_project`.`ekip` (`id`, `role`, `movie_id`, `person_id`) VALUES ('19', 'ACTOR', '4', '10');
INSERT INTO `movie_project`.`ekip` (`id`, `role`, `movie_id`, `person_id`) VALUES ('20', 'ACTOR', '4', '11');
INSERT INTO `movie_project`.`ekip` (`id`, `role`, `movie_id`, `person_id`) VALUES ('21', 'ACTOR', '4', '12');
INSERT INTO `movie_project`.`genre` (`id`, `name`) VALUES ('1', 'Hành động');
INSERT INTO `movie_project`.`genre` (`id`, `name`) VALUES ('2', 'Phiêu lưu');
INSERT INTO `movie_project`.`genre` (`id`, `name`) VALUES ('3', 'Hài');
INSERT INTO `movie_project`.`genre` (`id`, `name`) VALUES ('4', 'Hoạt hình');
INSERT INTO `movie_project`.`genre` (`id`, `name`) VALUES ('5', 'Hình sự');
INSERT INTO `movie_project`.`genre` (`id`, `name`) VALUES ('6', 'Tâm lí');
INSERT INTO `movie_project`.`genre` (`id`, `name`) VALUES ('7', 'Lịch sử, Cổ trang');
INSERT INTO `movie_project`.`genre` (`id`, `name`) VALUES ('8', 'Kinh dị');
INSERT INTO `movie_project`.`genre` (`id`, `name`) VALUES ('9', 'Ca nhạc');
INSERT INTO `movie_project`.`genre` (`id`, `name`) VALUES ('10', 'Khoa học-Viễn tưởng');
INSERT INTO `movie_project`.`genre` (`id`, `name`) VALUES ('11', 'Tâm lý tình cảm');
INSERT INTO `movie_project`.`genre` (`id`, `name`) VALUES ('12', 'Bi kịch');
INSERT INTO `movie_project`.`genre` (`id`, `name`) VALUES ('13', 'Siêu nhiên/Bí ẩn');
INSERT INTO `movie_project`.`genre` (`id`, `name`) VALUES ('14','Live Action');
INSERT INTO `movie_project`.`genre` (`id`, `name`) VALUES ('15', 'Võ Thuật/Kiếm Thuật');
INSERT INTO `movie_project`.`movie_genre` (`id`, `genre_id`, `movie_id`) VALUES ('1', '1', '1');
INSERT INTO `movie_project`.`movie_genre` (`id`, `genre_id`, `movie_id`) VALUES ('2', '2', '1');
INSERT INTO `movie_project`.`movie_genre` (`id`, `genre_id`, `movie_id`) VALUES ('5', '1', '3');
INSERT INTO `movie_project`.`movie_genre` (`id`, `genre_id`, `movie_id`) VALUES ('6', '2', '3');
INSERT INTO `movie_project`.`movie_genre` (`id`, `genre_id`, `movie_id`) VALUES ('7', '10', '3');
INSERT INTO `movie_project`.`movie_genre` (`id`, `genre_id`, `movie_id`) VALUES ('8', '4', '3');
INSERT INTO `movie_project`.`movie_genre` (`id`, `genre_id`, `movie_id`) VALUES ('9', '1', '4');
INSERT INTO `movie_project`.`movie_genre` (`id`, `genre_id`, `movie_id`) VALUES ('10', '2', '4');
INSERT INTO `movie_project`.`movie_genre` (`id`, `genre_id`, `movie_id`) VALUES ('11', '1', '2');
INSERT INTO `movie_project`.`movie_genre` (`id`, `genre_id`, `movie_id`) VALUES ('12', '2', '2');
INSERT INTO `movie_project`.`movie_genre` (`id`, `genre_id`, `movie_id`) VALUES ('13', '1', '11');
INSERT INTO `movie_project`.`movie_genre` (`id`, `genre_id`, `movie_id`) VALUES ('14', '2', '11');
INSERT INTO `movie_project`.`movie_genre` (`id`, `genre_id`, `movie_id`) VALUES ('15', '8', '11');
INSERT INTO `movie_project`.`movie_genre` (`id`, `genre_id`, `movie_id`) VALUES ('16', '1', '10');
INSERT INTO `movie_project`.`movie_genre` (`id`, `genre_id`, `movie_id`) VALUES ('17', '2', '10');
INSERT INTO `movie_project`.`movie_genre` (`id`, `genre_id`, `movie_id`) VALUES ('18', '1', '9');
INSERT INTO `movie_project`.`movie_genre` (`id`, `genre_id`, `movie_id`) VALUES ('19', '2', '9');
INSERT INTO `movie_project`.`movie_genre` (`id`, `genre_id`, `movie_id`) VALUES ('20', '13', '9');
INSERT INTO `movie_project`.`movie_genre` (`id`, `genre_id`, `movie_id`) VALUES ('21', '1', '8');
INSERT INTO `movie_project`.`movie_genre` (`id`, `genre_id`, `movie_id`) VALUES ('22', '2', '8');
INSERT INTO `movie_project`.`movie_genre` (`id`, `genre_id`, `movie_id`) VALUES ('23', '1', '7');
INSERT INTO `movie_project`.`movie_genre` (`id`, `genre_id`, `movie_id`) VALUES ('24', '2', '7');
INSERT INTO `movie_project`.`movie_genre` (`id`, `genre_id`, `movie_id`) VALUES ('25', '4', '7');
INSERT INTO `movie_project`.`movie_genre` (`id`, `genre_id`, `movie_id`) VALUES ('26', '1', '6');
INSERT INTO `movie_project`.`movie_genre` (`id`, `genre_id`, `movie_id`) VALUES ('27', '2', '6');
INSERT INTO `movie_project`.`movie_genre` (`id`, `genre_id`, `movie_id`) VALUES ('28', '4', '6');
INSERT INTO `movie_project`.`movie_genre` (`id`, `genre_id`, `movie_id`) VALUES ('29', '1', '5');
INSERT INTO `movie_project`.`movie_genre` (`id`, `genre_id`, `movie_id`) VALUES ('30', '2', '5');
INSERT INTO `movie_project`.`movie_genre` (`id`, `genre_id`, `movie_id`) VALUES ('31', '7', '12');
INSERT INTO `movie_project`.`movie_genre` (`id`, `genre_id`, `movie_id`) VALUES ('32', '15', '13');
INSERT INTO `movie_project`.`movie_genre` (`id`, `genre_id`, `movie_id`) VALUES ('33', '13', '13');
INSERT INTO `movie_project`.`movie_genre` (`id`, `genre_id`, `movie_id`) VALUES ('34', '1', '13');
INSERT INTO `movie_project`.`movie_genre` (`id`, `genre_id`, `movie_id`) VALUES ('35', '15', '14');
INSERT INTO `movie_project`.`movie_genre` (`id`, `genre_id`, `movie_id`) VALUES ('36', '13', '14');
INSERT INTO `movie_project`.`movie_genre` (`id`, `genre_id`, `movie_id`) VALUES ('37', '1', '14');
INSERT INTO `movie_project`.`movie_genre` (`id`, `genre_id`, `movie_id`) VALUES ('38', '11', '17');
INSERT INTO `movie_project`.`movie_genre` (`id`, `genre_id`, `movie_id`) VALUES ('42', '1', '15');
INSERT INTO `movie_project`.`movie_genre` (`id`, `genre_id`, `movie_id`) VALUES ('43', '2', '15');
INSERT INTO `movie_project`.`movie_genre` (`id`, `genre_id`, `movie_id`) VALUES ('44', '10', '15');
INSERT INTO `movie_project`.`user` (`id`, `avatar`, `email`, `name`, `password`, `role`, `username`) VALUES ('1', '../assets/client/img/avatar/user_1.jpg', '@', 'Anh Cao', '123', 'ROLE_ADMIN', 'anh123');
INSERT INTO `movie_project`.`user` (`id`, `avatar`, `email`, `name`, `password`, `role`, `username`) VALUES ('2', '../assets/client/img/avatar/user_2.jpg', '@', 'Cao Anh', '123', 'ROLE_USER', 'anh456');
INSERT INTO `movie_project`.`user` (`id`, `avatar`, `email`, `name`, `password`, `role`, `username`) VALUES ('3', '../assets/client/img/avatar/user_3.jpg', '@', 'Toi la ai', '123', 'ROLE_USER', 'toilaai123');
INSERT INTO `movie_project`.`user` (`id`, `avatar`, `email`, `name`, `password`, `role`, `username`) VALUES ('4', '../assets/client/img/avatar/user_4.jpg', '@', 'Duy Nguyen', '123', 'ROLE_USER', 'duynguyen543');
INSERT INTO `movie_project`.`user` (`id`, `avatar`, `email`, `name`, `password`, `role`, `username`) VALUES ('5', '../assets/client/img/avatar/user_5.jpg', '@', 'Tran Nghia', '123', 'ROLE_USER', 'nghia512');
INSERT INTO `movie_project`.`user` (`id`, `avatar`, `email`, `name`, `password`, `username`) VALUES ('6', '../assets/client/img/avatar/user_6.jpg', '@', 'Nguyen Huy', '123', 'Huy643');
INSERT INTO `movie_project`.`user` (`id`, `avatar`, `email`, `name`, `password`, `username`) VALUES ('7', '../assets/client/img/avatar/user_7.jpg', '@', 'Khoa164', '123', 'Khoa642');
INSERT INTO `movie_project`.`comment` (`id`, `content`, `movie_id`, `user_id`, `time_comment`) VALUES ('1', 'Hay vkl', '1', '2', '2020-11-02 08:34:00.000000');
INSERT INTO `movie_project`.`comment` (`id`, `content`, `movie_id`, `user_id`, `time_comment`) VALUES ('2', 'Ngon!!', '1', '5', '2022-11-11 08:34:00.000000');
INSERT INTO `movie_project`.`comment` (`id`, `content`, `movie_id`, `user_id`, `time_comment`) VALUES ('3', 'Phê Lòi', '1', '6', '2022-12-23 10:34:00.000000');
INSERT INTO `movie_project`.`comment` (`id`, `content`, `movie_id`, `user_id`, `time_comment`) VALUES ('4', 'Công nhận phê thật', '1', '2', '2023-07-15 11:34:00.000000');
INSERT INTO `movie_project`.`comment` (`id`, `content`, `movie_id`, `user_id`, `time_comment`) VALUES ('5', 'Tạm ổn', '2', '5', '2023-05-21 13:34:00.000000');
INSERT INTO `movie_project`.`comment` (`id`, `content`, `movie_id`, `user_id`, `time_comment`) VALUES ('6', 'Ổn! ổn! cái địt cụ mày', '2', '6', '2023-05-22 12:34:00.000000');
INSERT INTO `movie_project`.`comment` (`id`, `content`, `movie_id`, `user_id`, `time_comment`) VALUES ('7', 'Ngu vkl, phim hay vãi', '2', '7', '2023-05-27 08:34:00.000000');
INSERT INTO `movie_project`.`comment` (`id`, `content`, `movie_id`, `user_id`, `time_comment`) VALUES ('8', 'Hay vãi nồi', '3', '6', '2023-05-28 02:34:00.000000');
INSERT INTO `movie_project`.`comment` (`id`, `content`, `movie_id`, `user_id`, `time_comment`) VALUES ('9', 'Tạm thôi! hay cái **', '3', '5', '2023-05-31 09:34:00.000000');
INSERT INTO `movie_project`.`comment` (`id`, `content`, `movie_id`, `user_id`, `time_comment`) VALUES ('10', 'Hay mà!', '3', '3', '2023-06-04 11:34:00.000000');
INSERT INTO `movie_project`.`comment` (`id`, `content`, `movie_id`, `user_id`, `time_comment`) VALUES ('11', ':3', '4', '4', '2023-06-05 23:34:00.000000');
INSERT INTO `movie_project`.`comment` (`id`, `content`, `movie_id`, `user_id`, `time_comment`) VALUES ('12', '<(\")??', '4', '5', '2023-06-09 12:34:00.000000');
INSERT INTO `movie_project`.`comment` (`id`, `content`, `movie_id`, `user_id`, `time_comment`) VALUES ('13', ':3', '4', '6', '2023-06-11 08:34:00.000000');
INSERT INTO `movie_project`.`comment` (`id`, `content`, `movie_id`, `user_id`, `time_comment`) VALUES ('14', 'aha?', '2', '6', '2023-06-13 10:34:00.000000');
INSERT INTO `movie_project`.`comment` (`id`, `content`, `movie_id`, `user_id`, `time_comment`) VALUES ('15', 'ok ổn', '1', '7', '2023-07-17 16:14:00.000000');
INSERT INTO `movie_project`.`comment` (`id`, `content`, `movie_id`, `user_id`, `time_comment`) VALUES ('16', '?? :))', '4', '3', '2023-06-16 03:21:00.000000');
